epoch,train_loss,val_loss,learning_rate
1,0.238311,,9.99e-05
2,0.086153,,2.00e-04
3,0.082614,,1.98e-04
4,0.076053,,1.94e-04
5,0.067740,,1.87e-04
