epoch,train_loss,val_loss,learning_rate
1,0.160263,,9.99e-05
2,0.116284,,2.00e-04
3,0.109695,,1.98e-04
4,0.096933,,1.94e-04
5,0.083115,,1.87e-04
