epoch,train_loss,val_loss,learning_rate
1,1.477376,9.762280,7.78e-05
2,0.882982,3.501319,1.56e-04
3,0.225767,1.404947,2.00e-04
