epoch,train_loss,val_loss,learning_rate
1,1.478872,11.886042,7.78e-05
2,1.453635,11.508387,1.56e-04
3,1.401736,11.432534,2.00e-04
