epoch,train_loss,val_loss,learning_rate
1,0.426134,,9.96e-05
2,0.156836,,1.99e-04
3,0.145474,,1.99e-04
4,0.122752,,1.94e-04
5,0.086169,,1.87e-04
