epoch,train_loss,val_loss,learning_rate
1,0.086308,,1.00e-04
2,0.000000,,2.00e-04
3,0.000000,,1.99e-04
4,0.000000,,1.94e-04
5,0.000000,,1.87e-04
