epoch,train_loss,val_loss,learning_rate
1,0.358701,,1.00e-04
2,0.034026,,2.00e-04
3,0.030024,,1.98e-04
4,0.026348,,1.94e-04
5,0.023036,,1.87e-04
