epoch,train_loss,val_loss,learning_rate
1,1.480123,9.819681,7.78e-05
2,0.899886,3.411516,1.56e-04
3,0.218369,1.404055,2.00e-04
