epoch,train_loss,val_loss,learning_rate
1,0.446286,,9.96e-05
2,0.157426,,1.99e-04
3,0.146526,,1.99e-04
4,0.121709,,1.94e-04
5,0.085863,,1.87e-04
