epoch,train_loss,val_loss,learning_rate
1,0.457409,,9.96e-05
2,0.337154,,1.99e-04
3,0.289797,,1.99e-04
4,0.215699,,1.94e-04
5,0.152454,,1.87e-04
