epoch,train_loss,val_loss,learning_rate
1,1.487839,9.850708,7.78e-05
2,0.871373,3.735103,1.56e-04
3,0.231395,1.432630,2.00e-04
