epoch,train_loss,val_loss,learning_rate
1,2.055686,,4.00e-05
2,2.030769,,8.00e-05
3,1.634993,,1.20e-04
4,0.713481,,1.60e-04
5,0.129410,,2.00e-04
6,0.121063,,2.00e-04
7,0.113096,,1.99e-04
8,0.107641,,1.98e-04
9,0.103971,,1.96e-04
10,0.101226,,1.94e-04
