epoch,train_loss,val_loss,learning_rate
1,0.569109,,1.00e-04
2,0.000021,,2.00e-04
3,0.000009,,1.98e-04
4,0.000006,,1.94e-04
5,0.000005,,1.87e-04
