epoch,train_loss,val_loss,learning_rate
1,1.470426,11.908003,7.78e-05
2,1.451295,11.620743,1.56e-04
3,1.400280,11.417498,2.00e-04
