epoch,train_loss,val_loss,learning_rate
1,2.069831,,8.00e-05
2,1.655856,,1.60e-04
3,0.732434,,2.00e-04
4,0.387600,,1.98e-04
5,0.340435,,1.94e-04
