epoch,train_loss,val_loss,learning_rate
1,1.614324,11.690073,4.80e-05
2,1.198309,7.060813,9.60e-05
3,0.635408,1.840529,1.44e-04
4,0.169759,1.392511,1.92e-04
5,0.161117,1.207179,2.00e-04
