epoch,train_loss,val_loss,learning_rate
1,1.593564,11.601980,4.80e-05
2,1.159904,7.421361,9.60e-05
3,0.630579,1.688741,1.44e-04
4,0.174608,1.381635,1.92e-04
5,0.160207,1.151614,2.00e-04
