epoch,train_loss,val_loss,learning_rate
1,0.950954,1.263474,8.39e-05
2,0.145048,1.067977,1.68e-04
3,0.121780,0.926172,2.00e-04
