epoch,train_loss,val_loss,learning_rate
1,0.915015,1.262408,8.39e-05
2,0.142256,1.083857,1.68e-04
3,0.121587,0.928186,2.00e-04
