epoch,train_loss,val_loss,learning_rate
1,0.934851,1.247156,8.39e-05
2,0.143807,1.063175,1.68e-04
3,0.123412,0.915384,2.00e-04
