epoch,train_loss,val_loss,learning_rate
1,0.941832,1.301727,8.39e-05
2,0.142275,1.052912,1.68e-04
3,0.121694,0.942975,2.00e-04
