epoch,train_loss,val_loss,learning_rate
1,0.946952,1.269489,8.39e-05
2,0.144558,1.051467,1.68e-04
3,0.120795,0.951406,2.00e-04
