epoch,train_loss,val_loss,learning_rate
1,0.942055,1.286642,8.39e-05
2,0.145466,1.089327,1.68e-04
3,0.121220,0.934127,2.00e-04
