epoch,train_loss,val_loss,learning_rate
1,1.458806,11.171290,8.39e-05
2,1.403700,11.430942,1.68e-04
3,1.397535,11.043795,2.00e-04
