epoch,train_loss,val_loss,learning_rate
1,1.457734,11.360798,8.39e-05
2,1.407223,11.141184,1.68e-04
3,1.392370,11.178206,2.00e-04
